dili,diverse_dili_c,besp,mitotox,reactive_metabolite,human_hepatotoxicity,animal_hepatotoxicity_a,animal_hepatotoxicity_b,preclinical_hepatotoxicity,diverse_dili_a
0.7697945160962985,0.5793481733513011,0.3447751322751322,0.08302287468752152,0.25170837659564854,0.5471865559751207,0.590935063060024,0.4670714874963219,0.7214735793307224,0.5217591838765115
0.7199177213293387,0.7224802879812602,0.4907056878306878,0.10402684895598198,0.1266601629989249,0.6964730621352067,0.3543963430000431,0.5181446527419713,0.7120136243386245,0.6093234516157806
0.5468564104706194,0.5091049461496336,0.10091732804232806,0.06842353972066419,0.25323170694314706,0.45075724455574806,0.4159706086675035,0.5034467248430919,0.6800090161064425,0.6084914785523347
