dili,diverse_dili_c,besp,mitotox,reactive_metabolite,human_hepatotoxicity,animal_hepatotoxicity_a,animal_hepatotoxicity_b,preclinical_hepatotoxicity,diverse_dili_a
0.7697945160962983,0.5793481733513011,0.3447751322751322,0.0830228746875215,0.2517083765956485,0.5471865559751207,0.590935063060024,0.467071487496322,0.7214735793307224,0.5217591838765115
0.7615321423812447,0.7453587472011388,0.5151798941798941,0.1180933935998456,0.1097171159998065,0.7074216155802069,0.4154002295711562,0.6181736615653657,0.7709312169312174,0.6089688894025214
0.5468564104706195,0.5091049461496336,0.100917328042328,0.0684235397206642,0.253231706943147,0.450757244555748,0.4159706086675035,0.5034467248430919,0.6800090161064425,0.6084914785523345
